[
{
  "model": "webapp.status",
  "pk": 2,
  "fields": {
    "status_name": "in_progress"
  }
},
{
  "model": "webapp.status",
  "pk": 3,
  "fields": {
    "status_name": "done"
  }
},
{
  "model": "webapp.status",
  "pk": 4,
  "fields": {
    "status_name": "pause"
  }
},
{
  "model": "webapp.status",
  "pk": 17,
  "fields": {
    "status_name": "new"
  }
},
{
  "model": "webapp.type",
  "pk": 1,
  "fields": {
    "type_name": "task"
  }
},
{
  "model": "webapp.type",
  "pk": 3,
  "fields": {
    "type_name": "enhancement"
  }
},
{
  "model": "webapp.type",
  "pk": 14,
  "fields": {
    "type_name": "research"
  }
},
{
  "model": "webapp.type",
  "pk": 15,
  "fields": {
    "type_name": "bug"
  }
},
{
  "model": "webapp.project",
  "pk": 1,
  "fields": {
    "name": "Issue Tracker",
    "description": "Lorem ipsum dolor sit amet, consectetur adipisicing elit. Ad asperiores autem commodi, cumque debitis delectus distinctio eligendi enim eum ex fuga in magni nihil, nisi optio quisquam rem sit sunt velit vero? A ab dolores hic iste sapiente? Asperiores corporis eius, eveniet hic incidunt magni praesentium quaerat quos saepe vitae?",
    "created_at": "2019-10-10T07:47:36.806Z",
    "updated_at": "2019-12-03T20:26:30.362Z",
    "project_status": "active"
  }
},
{
  "model": "webapp.project",
  "pk": 2,
  "fields": {
    "name": "Blog",
    "description": "Lorem ipsum dolor sit amet, consectetur adipisicing elit. Ad asperiores autem commodi, cumque debitis delectus distinctio eligendi enim eum ex fuga in magni nihil, nisi optio quisquam rem sit sunt velit vero? A ab dolores hic iste sapiente? Asperiores corporis eius, eveniet hic incidunt magni praesentium quaerat quos saepe vitae?",
    "created_at": "2019-10-10T07:47:42.788Z",
    "updated_at": "2019-10-10T07:47:42.788Z",
    "project_status": "active"
  }
},
{
  "model": "webapp.project",
  "pk": 3,
  "fields": {
    "name": "Guest Book",
    "description": null,
    "created_at": "2019-10-10T11:02:59.096Z",
    "updated_at": "2019-10-10T11:02:59.096Z",
    "project_status": "active"
  }
},
{
  "model": "webapp.project",
  "pk": 11,
  "fields": {
    "name": "test 10",
    "description": "",
    "created_at": "2019-11-13T12:25:22.691Z",
    "updated_at": "2019-11-13T18:40:47.610Z",
    "project_status": "active"
  }
},
{
  "model": "webapp.project",
  "pk": 12,
  "fields": {
    "name": "test24",
    "description": "",
    "created_at": "2019-11-13T16:07:40.923Z",
    "updated_at": "2019-11-14T12:52:19.793Z",
    "project_status": "active"
  }
},
{
  "model": "webapp.task",
  "pk": 3,
  "fields": {
    "summary": "\u0414\u043e\u0431\u0430\u0432\u044c\u0442\u0435 \u0432 \u0432\u0430\u0448 \u043f\u0440\u043e\u0435\u043a\u0442 TODO-\u043b\u0438\u0441\u0442 \u0441\u0442\u0440\u0430\u043d\u0438\u0446\u044b \u0440\u0435\u0434\u0430\u043a\u0442\u0438\u0440\u043e\u0432\u0430\u043d\u0438\u044f \u0438 \u0443\u0434\u0430\u043b\u0435\u043d\u0438\u044f \u0437\u0430\u0434\u0430\u0447\u0438...",
    "description": "\u0423\u043a\u0430\u0437\u0430\u043d\u0438\u044f:\r\n\r\n\r\n\t\r\n\u0421\u043e\u0437\u0434\u0430\u0439\u0442\u0435 \u0432\u043a\u043b\u044e\u0447\u0430\u0435\u043c\u044b\u0439 \u0448\u0430\u0431\u043b\u043e\u043d \u0434\u043b\u044f \u0444\u043e\u0440\u043c\u044b \u0437\u0430\u0434\u0430\u0447\u0438 \u0438 \u0438\u0441\u043f\u043e\u043b\u044c\u0437\u0443\u0439\u0442\u0435 \u0435\u0433\u043e \u043d\u0430 \u0441\u0442\u0440\u0430\u043d\u0438\u0446\u0430\u0445 \u0441\u043e\u0437\u0434\u0430\u043d\u0438\u044f \u0438 \u043e\u0431\u043d\u043e\u0432\u043b\u0435\u043d\u0438\u044f \u0437\u0430\u0434\u0430\u0447\u0438.\r\n\t\r\n\u0423\u0434\u0430\u043b\u0435\u043d\u0438\u0435 \u0432\u044b\u043f\u043e\u043b\u043d\u0438\u0442\u0435 \u0441 \u043f\u043e\u0434\u0442\u0432\u0435\u0440\u0436\u0434\u0435\u043d\u0438\u0435\u043c.\r\n\r\n\u0421\u043e\u0437\u0434\u0430\u0439\u0442\u0435 \u0444\u043e\u0440\u043c\u0443 \u0437\u0430\u0434\u0430\u0447\u0438 (\u043a\u043b\u0430\u0441\u0441 \u0444\u043e\u0440\u043c\u044b) \u0438 \u043f\u0440\u0438\u043c\u0435\u043d\u0438\u0442\u0435 \u0435\u0451 \u043d\u0430 \u0441\u0442\u0440\u0430\u043d\u0438\u0446\u0430\u0445 \u0441\u043e\u0437\u0434\u0430\u043d\u0438\u044f \u0438 \u0440\u0435\u0434\u0430\u043a\u0442\u0438\u0440\u043e\u0432\u0430\u043d\u0438\u044f \u0437\u0430\u0434\u0430\u0447\u0438.\r\n\r\n\u0421\u043e\u0437\u0434\u0430\u0439\u0442\u0435 \u0444\u043e\u0440\u043c\u0443 \u0443\u0434\u0430\u043b\u0435\u043d\u0438\u044f \u0437\u0430\u0434\u0430\u0447\u0438 (\u043a\u043b\u0430\u0441\u0441 \u0444\u043e\u0440\u043c\u044b) \u0438 \u043f\u0440\u0438\u043c\u0435\u043d\u0438\u0442\u0435 \u0435\u0451 \u043d\u0430 \u0441\u0442\u0440\u0430\u043d\u0438\u0446\u0435 \u0443\u0434\u0430\u043b\u0435\u043d\u0438\u044f \u0437\u0430\u0434\u0430\u0447\u0438.",
    "status": 3,
    "type": 3,
    "project": 1,
    "created_at": "2019-09-25T02:34:56.459Z",
    "updated_at": "2019-10-14T12:34:47.930Z",
    "created_by": null,
    "assigned_to": null
  }
},
{
  "model": "webapp.task",
  "pk": 4,
  "fields": {
    "summary": "\u041e\u0431\u0435\u0440\u043d\u0438\u0442\u0435 \u0441\u043f\u0438\u0441\u043e\u043a \u0437\u0430\u0434\u0430\u0447 \u043d\u0430 \u0433\u043b\u0430\u0432\u043d\u043e\u0439 \u0441\u0442\u0440\u0430\u043d\u0438\u0446\u0435 \u0432 \u0444\u043e\u0440\u043c\u0443 \u0438 \u0434\u043e\u0431\u0430\u0432\u044c\u0442\u0435 \u043a \u043a\u0430\u0436\u0434\u043e\u0439 \u0437\u0430\u0434\u0430\u0447\u0435 \u0433\u0430\u043b\u043e\u0447\u043a\u0443. \u0422\u0430\u043a\u0436\u0435 \u0432\u044b\u0432\u0435\u0434\u0438\u0442\u0435",
    "description": "",
    "status": 4,
    "type": 3,
    "project": 1,
    "created_at": "2019-09-25T02:35:44.293Z",
    "updated_at": "2019-10-14T09:53:46.379Z",
    "created_by": null,
    "assigned_to": null
  }
},
{
  "model": "webapp.task",
  "pk": 5,
  "fields": {
    "summary": "\u041f\u0440\u043e\u0434\u043e\u043b\u0436\u0438\u0442\u0435 \u043f\u0440\u043e\u0435\u043a\u0442, \u043d\u0430\u0447\u0430\u0442\u044b\u0439 \u0432 \u0414\u0417 #43 - \u0441\u043f\u0438\u0441\u043e\u043a TODOlist",
    "description": "\u0414\u043e\u0431\u0430\u0432\u044c\u0442\u0435 \u0441\u0442\u0440\u0430\u043d\u0438\u0446\u0443 \u0434\u0435\u0442\u0430\u043b\u044c\u043d\u043e\u0433\u043e \u043f\u0440\u043e\u0441\u043c\u043e\u0442\u0440\u0430 \u0437\u0430\u0434\u0430\u0447\u0438, \u0433\u0434\u0435 \u0432\u044b\u0432\u043e\u0434\u0438\u0442\u0435 \u0432\u0441\u0435 \u0435\u0451 \u043f\u043e\u043b\u044f + \u043f\u043e\u043b\u0435 \u0441 \u043f\u043e\u0434\u0440\u043e\u0431\u043d\u044b\u043c \u043e\u043f\u0438\u0441\u0430\u043d\u0438\u0435\u043c. \r\n\r\n\u0423\u043a\u0430\u0437\u0430\u043d\u0438\u044f:\r\n\t\r\nid \u0437\u0430\u0434\u0430\u0447\u0438 \u0434\u043b\u044f \u044d\u0442\u043e\u0439 \u0441\u0442\u0440\u0430\u043d\u0438\u0446\u044b \u0434\u043e\u043b\u0436\u0435\u043d \u043f\u0435\u0440\u0435\u0434\u0430\u0432\u0430\u0442\u044c\u0441\u044f, \u043a\u0430\u043a \u0447\u0430\u0441\u0442\u044c \u043f\u0443\u0442\u0438, \u0430 \u043d\u0435 \u0432 \u0441\u0442\u0440\u043e\u043a\u0435 \u0437\u0430\u043f\u0440\u043e\u0441\u0430.\r\n\t\r\n\u041d\u0430 \u0433\u043b\u0430\u0432\u043d\u043e\u0439 \u0441\u0442\u0440\u0430\u043d\u0438\u0446\u0435 \u043f\u043e\u0434\u0440\u043e\u0431\u043d\u043e\u0435 \u043e\u043f\u0438\u0441\u0430\u043d\u0438\u0435 \u0432\u044b\u0432\u043e\u0434\u0438\u0442\u044c \u043d\u0435 \u043d\u0443\u0436\u043d\u043e.\r\n\t\r\n\u0414\u043e\u0431\u0430\u0432\u044c\u0442\u0435 \u0441\u0441\u044b\u043b\u043a\u0438 \u0434\u043b\u044f \u043f\u0435\u0440\u0435\u0445\u043e\u0434\u0430 \u043e\u0442 \u0437\u0430\u0434\u0430\u0447 \u043d\u0430 \u0433\u043b\u0430\u0432\u043d\u043e\u0439 \u0441\u0442\u0440\u0430\u043d\u0438\u0446\u0435 \u043a \u0441\u0442\u0440\u0430\u043d\u0438\u0446\u0435 \u0434\u0435\u0442\u0430\u043b\u044c\u043d\u043e\u0433\u043e \u043f\u0440\u043e\u0441\u043c\u043e\u0442\u0440\u0430.",
    "status": 2,
    "type": 3,
    "project": 1,
    "created_at": "2019-09-25T02:39:43.303Z",
    "updated_at": "2019-10-14T09:53:46.379Z",
    "created_by": null,
    "assigned_to": null
  }
},
{
  "model": "webapp.task",
  "pk": 6,
  "fields": {
    "summary": "\u0421\u043e\u0437\u0434\u0430\u0439\u0442\u0435 \u043f\u0440\u043e\u0435\u043a\u0442 \u043d\u0430 Django \u0441 \u043b\u044e\u0431\u044b\u043c \u043d\u0430\u0437\u0432\u0430\u043d\u0438\u0435\u043c, \u043d\u0430\u043f\u0440\u0438\u043c\u0435\u0440: simple_blog, fake_book, i_tube \u0438 \u0442.\u0434.",
    "description": "\u0421\u043e\u0437\u0434\u0430\u0439\u0442\u0435 \u0432 \u043f\u0440\u043e\u0435\u043a\u0442\u0435 \u043f\u0440\u0438\u043b\u043e\u0436\u0435\u043d\u0438\u0435 webapp. \u0414\u043e\u0431\u0430\u0432\u044c\u0442\u0435 \u0432 \u043d\u0435\u0433\u043e 2-4 \u043f\u0440\u0435\u0434\u0441\u0442\u0430\u0432\u043b\u0435\u043d\u0438\u044f (view) \u0438 \u043f\u043e\u0434\u043a\u043b\u044e\u0447\u0438\u0442\u0435 \u0438\u0445 \u0432 urls.py \u0432 \u0433\u043b\u0430\u0432\u043d\u043e\u043c \u043f\u0440\u0438\u043b\u043e\u0436\u0435\u043d\u0438\u0438. \u041f\u0443\u0441\u0442\u044c \u043a\u0430\u0436\u0434\u043e\u0435 \u043f\u0440\u0435\u0434\u0441\u0442\u0430\u0432\u043b\u0435\u043d\u0438\u0435 \u0440\u0435\u043d\u0434\u0435\u0440\u0438\u0442 \u0438 \u043e\u0442\u0434\u0430\u0451\u0442 \u0448\u0430\u0431\u043b\u043e\u043d \u0441\u043e \u0441\u0442\u0430\u0442\u0438\u0447\u0435\u0441\u043a\u0438\u043c \u043a\u043e\u043d\u0442\u0435\u043d\u0442\u043e\u043c: \u044d\u0442\u043e \u043c\u043e\u0436\u0435\u0442 \u0431\u044b\u0442\u044c \u043b\u044e\u0431\u043e\u0439 \u0442\u0435\u043a\u0441\u0442 (\u043b\u043e\u0440\u0435\u043c \u043f\u043e\u0434\u043e\u0439\u0434\u0451\u0442), \u0432\u0451\u0440\u0441\u0442\u043a\u0430 \u0441\u043e \u0432\u0441\u0442\u0440\u043e\u0435\u043d\u043d\u044b\u043c\u0438 \u0441\u0442\u0438\u043b\u044f\u043c\u0438 (\u0442\u0435\u0433 <style></style>), \u0441\u0441\u044b\u043b\u043a\u0438 \u043d\u0430 \u0434\u0440\u0443\u0433\u0438\u0435 \u0441\u0442\u0440\u0430\u043d\u0438\u0446\u044b \u0438 \u0442.\u0434.",
    "status": 3,
    "type": 1,
    "project": 2,
    "created_at": "2019-09-25T05:57:37.277Z",
    "updated_at": "2019-10-14T09:53:46.379Z",
    "created_by": null,
    "assigned_to": null
  }
},
{
  "model": "webapp.task",
  "pk": 8,
  "fields": {
    "summary": "\u041d\u0430\u043f\u0438\u0448\u0438\u0442\u0435 \u043f\u0440\u043e\u0435\u043a\u0442 - \u0442\u0440\u0435\u043a\u0435\u0440 \u0437\u0430\u0434\u0430\u0447, \u0430\u043d\u0433\u043b. - issue tracker. \u042d\u0442\u043e \u0440\u0430\u0441\u0448\u0438\u0440\u0435\u043d\u043d\u0430\u044f \u0432\u0435\u0440\u0441\u0438\u044f \u043f\u0440\u043e\u0435\u043a\u0442\u0430 TODO-list",
    "description": "\u0422\u0440\u0435\u043a\u0435\u0440 \u0437\u0430\u0434\u0430\u0447 - \u044d\u0442\u043e \u041f\u041e, \u0432 \u043a\u043e\u0442\u043e\u0440\u043e\u043c \u043f\u0440\u043e\u0433\u0440\u0430\u043c\u043c\u0438\u0441\u0442\u044b (\u0438 \u043d\u0435 \u0442\u043e\u043b\u044c\u043a\u043e) \u043c\u043e\u0433\u0443\u0442 \u0437\u0430\u043f\u0438\u0441\u044b\u0432\u0430\u0442\u044c \u043a\u0430\u043a\u0438\u0435-\u0442\u043e \u0437\u0430\u0434\u0430\u0447\u0438 (issue), \u043e\u0442\u0441\u043b\u0435\u0436\u0438\u0432\u0430\u0442\u044c \u0438\u0445 \u0441\u043e\u0441\u0442\u043e\u044f\u043d\u0438\u0435 \u0438 \u0445\u043e\u0434 \u0440\u0430\u0431\u043e\u0442\u044b - \u043a\u0442\u043e, \u043a\u043e\u0433\u0434\u0430 \u0438 \u043a\u0430\u043a\u0438\u0435 \u0437\u0430\u0434\u0430\u0447\u0438 \u0441\u043e\u0437\u0434\u0430\u0432\u0430\u043b \u0438 \u0432\u044b\u043f\u043e\u043b\u043d\u044f\u043b. \r\n\r\n\u0421\u043e\u0437\u0434\u0430\u0439\u0442\u0435 \u043c\u043e\u0434\u0435\u043b\u044c \u0437\u0430\u0434\u0430\u0447\u0438 \u0441\u043e \u0441\u043b\u0435\u0434\u0443\u044e\u0449\u0438\u043c\u0438 \u043f\u043e\u043b\u044f\u043c\u0438:\t\r\n\u041a\u0440\u0430\u0442\u043a\u043e\u0435 \u043e\u043f\u0438\u0441\u0430\u043d\u0438\u0435 (summary - \u0437\u0430\u0433\u043e\u043b\u043e\u0432\u043e\u043a) - \u0441\u0442\u0440\u043e\u043a\u043e\u0432\u043e\u0435 \u043f\u043e\u043b\u0435, \u043e\u0431\u044f\u0437\u0430\u0442\u0435\u043b\u044c\u043d\u043e\u0435;\r\n\t\r\n\u041f\u043e\u043b\u043d\u043e\u0435 \u043e\u043f\u0438\u0441\u0430\u043d\u0438\u0435 (description) - \u0442\u0435\u043a\u0441\u0442\u043e\u0432\u043e\u0435 \u043f\u043e\u043b\u0435, \u043d\u0435\u043e\u0431\u044f\u0437\u0430\u0442\u0435\u043b\u044c\u043d\u043e\u0435;\t\r\n\u0421\u0442\u0430\u0442\u0443\u0441 - \u0432\u043d\u0435\u0448\u043d\u0438\u0439 \u043a\u043b\u044e\u0447 \u043a \u0442\u0430\u0431\u043b\u0438\u0446\u0435 \u0441\u0442\u0430\u0442\u0443\u0441\u043e\u0432, \u043f\u0440\u0438 \u0443\u0434\u0430\u043b\u0435\u043d\u0438\u0438 \u0441\u0442\u0430\u0442\u0443\u0441\u0430 - \u0437\u0430\u043f\u0440\u0435\u0449\u0430\u0442\u044c \u0443\u0434\u0430\u043b\u0435\u043d\u0438\u0435;\t\r\n\u0422\u0438\u043f - \u0432\u043d\u0435\u0448\u043d\u0438\u0439 \u043a\u043b\u044e\u0447 \u043a \u0442\u0430\u0431\u043b\u0438\u0446\u0435 \u0442\u0438\u043f\u043e\u0432, \u043f\u0440\u0438 \u0443\u0434\u0430\u043b\u0435\u043d\u0438\u0438 \u0442\u0438\u043f\u0430 - \u0437\u0430\u043f\u0440\u0435\u0449\u0430\u0442\u044c \u0443\u0434\u0430\u043b\u0435\u043d\u0438\u0435;\t\r\n\u0414\u0430\u0442\u0430 \u0441\u043e\u0437\u0434\u0430\u043d\u0438\u044f - \u0434\u0430\u0442\u0430 \u0438 \u0432\u0440\u0435\u043c\u044f \u0441 \u0430\u0432\u0442\u043e\u0437\u0430\u043f\u043e\u043b\u043d\u0435\u043d\u0438\u0435\u043c \u043f\u0440\u0438 \u0441\u043e\u0437\u0434\u0430\u043d\u0438\u0438.",
    "status": 2,
    "type": 1,
    "project": 1,
    "created_at": "2019-09-25T06:38:03.834Z",
    "updated_at": "2019-11-06T20:45:16.601Z",
    "created_by": 31,
    "assigned_to": 30
  }
},
{
  "model": "webapp.task",
  "pk": 14,
  "fields": {
    "summary": "\u0417\u0430\u043d\u044f\u0442\u0438\u0435 #53. \u0414\u043e\u043c\u0430\u0448\u043d\u0435\u0435 \u0437\u0430\u0434\u0430\u043d\u0438\u0435...",
    "description": "\u0417\u0430\u0434\u0430\u043d\u0438\u0435 1\r\n\u041d\u0430\u043f\u0438\u0448\u0438\u0442\u0435 \u043f\u0440\u0435\u0434\u0441\u0442\u0430\u0432\u043b\u0435\u043d\u0438\u044f \u0434\u043b\u044f \u0440\u0435\u0434\u0430\u043a\u0442\u0438\u0440\u043e\u0432\u0430\u043d\u0438\u044f \u0438 \u0443\u0434\u0430\u043b\u0435\u043d\u0438\u044f \u0437\u0430\u0434\u0430\u0447, \u0441\u0442\u0430\u0442\u0443\u0441\u043e\u0432 \u0438 \u0442\u0438\u043f\u043e\u0432 \u043d\u0430 \u0431\u0430\u0437\u0435 \u0432\u0441\u0442\u0440\u043e\u0435\u043d\u043d\u044b\u0445 UpdateView \u0438 DeleteView.\r\n\r\n\u0417\u0430\u0434\u0430\u043d\u0438\u0435 2\r\n\u0414\u043e\u0431\u0430\u0432\u044c\u0442\u0435 \u043c\u043e\u0434\u0435\u043b\u044c \u043f\u0440\u043e\u0435\u043a\u0442\u0430, Project, \u0441\u043e \u0441\u043b\u0435\u0434\u0443\u044e\u0449\u0438\u043c\u0438 \u043f\u043e\u043b\u044f\u043c\u0438:\t\r\n\u041d\u0430\u0437\u0432\u0430\u043d\u0438\u0435 \u043f\u0440\u043e\u0435\u043a\u0442\u0430 - \u0441\u0442\u0440\u043e\u043a\u0430, \u043e\u0431\u044f\u0437\u0430\u0442\u0435\u043b\u044c\u043d\u043e\u0435;\t\r\n\u041e\u043f\u0438\u0441\u0430\u043d\u0438\u0435 \u043f\u0440\u043e\u0435\u043a\u0442\u0430 - \u0442\u0435\u043a\u0441\u0442, \u043d\u0435\u043e\u0431\u044f\u0437\u0430\u0442\u0435\u043b\u044c\u043d\u043e\u0435;\t\r\n\u0414\u0430\u0442\u0430 \u0441\u043e\u0437\u0434\u0430\u043d\u0438\u044f - \u0434\u0430\u0442\u0430 \u0438 \u0432\u0440\u0435\u043c\u044f, \u0430\u0432\u0442\u043e\u0437\u0430\u043f\u043e\u043b\u043d\u0435\u043d\u0438\u0435;\t\r\n\u0414\u0430\u0442\u0430 \u043e\u0431\u043d\u043e\u0432\u043b\u0435\u043d\u0438\u044f - \u0434\u0430\u0442\u0430 \u0438 \u0432\u0440\u0435\u043c\u044f, \u0430\u0432\u0442\u043e\u0437\u0430\u043f\u043e\u043b\u043d\u0435\u043d\u0438\u0435.\r\n\u0414\u043e\u0431\u0430\u0432\u044c\u0442\u0435 \u0432 \u0437\u0430\u0434\u0430\u0447\u0443 \u0432\u043d\u0435\u0448\u043d\u0438\u0439 \u043a\u043b\u044e\u0447 \u043a \u043f\u0440\u043e\u0435\u043a\u0442\u0430\u043c. \u0427\u0442\u043e\u0431\u044b Django \u043f\u043e\u0437\u0432\u043e\u043b\u0438\u043b \u0432\u0430\u043c \u043f\u0440\u043e\u0432\u0435\u0441\u0442\u0438 \u043c\u0438\u0433\u0440\u0430\u0446\u0438\u044e, \u0441\u0434\u0435\u043b\u0430\u0439\u0442\u0435 \u0435\u0433\u043e \u043d\u0435\u043e\u0431\u044f\u0437\u0430\u0442\u0435\u043b\u044c\u043d\u044b\u043c \u0432 \u0431\u0430\u0437\u0435, \u043d\u043e \u043e\u0431\u044f\u0437\u0430\u0442\u0435\u043b\u044c\u043d\u044b\u043c \u0432 \u0444\u043e\u0440\u043c\u0430\u0445.\r\n\u0421\u043e\u0437\u0434\u0430\u0439\u0442\u0435 \u043d\u0435\u0441\u043a\u043e\u043b\u044c\u043a\u043e \u043f\u0440\u043e\u0435\u043a\u0442\u043e\u0432 \u0432 \u0431\u0430\u0437\u0435. \u041f\u0440\u0438\u043a\u0440\u0435\u043f\u0438\u0442\u0435 \u0441\u0443\u0449\u0435\u0441\u0442\u0432\u0443\u044e\u0449\u0438\u0435 \u0437\u0430\u0434\u0430\u0447\u0438 \u043a \u043a\u0430\u043a\u0438\u043c-\u043d\u0438\u0431\u0443\u0434\u044c \u043f\u0440\u043e\u0435\u043a\u0442\u0430\u043c. \u041e\u0431\u043d\u043e\u0432\u0438\u0442\u0435 \u0444\u0438\u043a\u0441\u0442\u0443\u0440\u0443.\r\n\u0421\u043e\u0437\u0434\u0430\u0439\u0442\u0435 \u0441\u043b\u0435\u0434\u0443\u044e\u0449\u0438\u0435 \u0441\u0442\u0440\u0430\u043d\u0438\u0446\u044b CRUD \u0434\u043b\u044f \u043f\u0440\u043e\u0435\u043a\u0442\u043e\u0432 \u043d\u0430 \u0431\u0430\u0437\u0435 \u0432\u0441\u0442\u0440\u043e\u0435\u043d\u043d\u044b\u0445 \u043f\u0440\u0435\u0434\u0441\u0442\u0430\u0432\u043b\u0435\u043d\u0438\u0439:\t\r\n\u0421\u043f\u0438\u0441\u043e\u043a \u043f\u0440\u043e\u0435\u043a\u0442\u043e\u0432 - \u0441 \u0441\u043e\u0440\u0442\u0438\u0440\u043e\u0432\u043a\u043e\u0439 \u043f\u043e \u0434\u0430\u0442\u0435 \u0441\u043e\u0437\u0434\u0430\u043d\u0438\u044f \u0432 \u0432\u043e\u0437\u0440\u0430\u0441\u0442\u0430\u044e\u0449\u0435\u043c \u043f\u043e\u0440\u044f\u0434\u043a\u0435.\t\r\n\u041f\u0440\u043e\u0441\u043c\u043e\u0442\u0440 \u043f\u0440\u043e\u0435\u043a\u0442\u0430 - \u0432\u044b\u0432\u043e\u0434 \u0438\u043d\u0444\u043e\u0440\u043c\u0430\u0446\u0438\u0438 \u043e \u043f\u0440\u043e\u0435\u043a\u0442\u0435 \u0438 \u0441\u043f\u0438\u0441\u043a\u0430 \u0437\u0430\u0434\u0430\u0447 \u0432 \u043d\u0451\u043c. \u0417\u0430\u0434\u0430\u0447\u0438 \u0434\u043e\u043b\u0436\u043d\u044b \u0431\u044b\u0442\u044c \u043e\u0442\u0441\u043e\u0440\u0442\u0438\u0440\u043e\u0432\u0430\u043d\u044b \u043f\u043e \u0434\u0430\u0442\u0435 \u0441\u043e\u0437\u0434\u0430\u043d\u0438\u044f \u0432 \u0443\u0431\u044b\u0432\u0430\u044e\u0449\u0435\u043c \u043f\u043e\u0440\u044f\u0434\u043a\u0435.\t\r\n\u0421\u043e\u0437\u0434\u0430\u043d\u0438\u0435 \u043f\u0440\u043e\u0435\u043a\u0442\u0430.\t\r\n\u0420\u0435\u0434\u0430\u043a\u0442\u0438\u0440\u043e\u0432\u0430\u043d\u0438\u0435 \u043f\u0440\u043e\u0435\u043a\u0442\u0430.\t\r\n\u0423\u0434\u0430\u043b\u0435\u043d\u0438\u0435 \u043f\u0440\u043e\u0435\u043a\u0442\u0430.",
    "status": 2,
    "type": 1,
    "project": 1,
    "created_at": "2019-10-10T10:24:07.117Z",
    "updated_at": "2019-11-06T20:44:43.896Z",
    "created_by": 30,
    "assigned_to": 31
  }
},
{
  "model": "webapp.task",
  "pk": 34,
  "fields": {
    "summary": "\u0417\u0430\u043d\u044f\u0442\u0438\u0435 #70. \u0414\u043e\u043c\u0430\u0448\u043d\u0435\u0435 \u0437\u0430\u0434\u0430\u043d\u0438\u0435.",
    "description": "\u0417\u0430\u0434\u0430\u043d\u0438\u0435 1\n\u041d\u0430\u0441\u0442\u0440\u043e\u0439\u0442\u0435 \u0430\u0443\u0442\u0435\u043d\u0442\u0438\u0444\u0438\u043a\u0430\u0446\u0438\u044e \u043f\u043e \u0442\u043e\u043a\u0435\u043d\u0443 \u0434\u043b\u044f API \u043f\u0440\u043e\u0435\u043a\u0442\u0430 \u0442\u0440\u0435\u043a\u0435\u0440. \u0414\u043e\u0431\u0430\u0432\u044c\u0442\u0435 \u0432 API \u0442\u043e\u0447\u043a\u0443 \u0432\u0445\u043e\u0434\u0430 \u0434\u043b\u044f \u0432\u0445\u043e\u0434\u0430 (\u0432\u044b\u0434\u0430\u0447\u0438 \u0442\u043e\u043a\u0435\u043d\u0430). \u0414\u043e\u0431\u0430\u0432\u044c\u0442\u0435 \u043f\u0440\u043e\u0432\u0435\u0440\u043a\u0438:\n\u041f\u0440\u043e\u0441\u043c\u043e\u0442\u0440 \u043f\u0440\u043e\u0435\u043a\u0442\u043e\u0432 - \u043a\u0442\u043e \u0443\u0433\u043e\u0434\u043d\u043e\n\u041f\u0440\u043e\u0441\u043c\u043e\u0442\u0440 \u0437\u0430\u0434\u0430\u0447 - \u043a\u0442\u043e \u0443\u0433\u043e\u0434\u043d\u043e\n\u0420\u0435\u0434\u0430\u043a\u0442\u0438\u0440\u043e\u0432\u0430\u043d\u0438\u0435 \u043f\u0440\u043e\u0435\u043a\u0442\u043e\u0432 (\u0441\u043e\u0437\u0434\u0430\u043d\u0438\u0435, \u0438\u0437\u043c\u0435\u043d\u0435\u043d\u0438\u0435, \u0443\u0434\u0430\u043b\u0435\u043d\u0438\u0435) - \u043f\u043e \u043d\u0430\u043b\u0438\u0447\u0438\u044e \u0441\u043e\u043e\u0442\u0432\u0435\u0442\u0441\u0442\u0432\u0443\u044e\u0449\u0438\u0445 \u0440\u0430\u0437\u0440\u0435\u0448\u0435\u043d\u0438\u0439.\n\u0420\u0435\u0434\u0430\u043a\u0442\u0438\u0440\u043e\u0432\u0430\u043d\u0438\u0435 \u0437\u0430\u0434\u0430\u0447 (\u0441\u043e\u0437\u0434\u0430\u043d\u0438\u0435, \u0438\u0437\u043c\u0435\u043d\u0435\u043d\u0438\u0435, \u0443\u0434\u0430\u043b\u0435\u043d\u0438\u0435) - \u043f\u043e \u043d\u0430\u043b\u0438\u0447\u0438\u044e \u0441\u043e\u043e\u0442\u0432\u0435\u0442\u0441\u0442\u0432\u0443\u044e\u0449\u0438\u0445 \u0440\u0430\u0437\u0440\u0435\u0448\u0435\u043d\u0438\u0439.\n\u0417\u0430\u0434\u0430\u043d\u0438\u0435 2\n\u041d\u0430\u043f\u0438\u0448\u0438\u0442\u0435 \u0441\u043b\u0435\u0434\u0443\u044e\u0449\u0438\u0435 AJAX-\u0437\u0430\u043f\u0440\u043e\u0441\u044b \u0441 \u043f\u043e\u043c\u043e\u0449\u044c\u044e jQuery \u043a \u0432\u0430\u0448\u0435\u043c\u0443 API:\n\u0412\u044b\u0431\u043e\u0440 \u0432\u0441\u0435\u0445 \u043f\u0440\u043e\u0435\u043a\u0442\u043e\u0432;\n\u0412\u044b\u0431\u043e\u0440 \u0432\u0441\u0435\u0445 \u0437\u0430\u0434\u0430\u0447;\n\u0412\u044b\u0431\u043e\u0440 \u0432\u0441\u0435\u0445 \u0437\u0430\u0434\u0430\u0447 \u0437\u0430\u0434\u0430\u043d\u043d\u043e\u0433\u043e \u043f\u0440\u043e\u0435\u043a\u0442\u0430;\n\u0421\u043e\u0437\u0434\u0430\u043d\u0438\u0435 \u0437\u0430\u0434\u0430\u0447\u0438;\n\u0423\u0434\u0430\u043b\u0435\u043d\u0438\u0435 \u0437\u0430\u0434\u0430\u0447\u0438.\n\u0420\u0435\u0437\u0443\u043b\u044c\u0442\u0430\u0442\u044b \u0434\u043e\u043b\u0436\u043d\u044b \u0432\u044b\u0432\u043e\u0434\u0438\u0442\u044c\u0441\u044f \u0432 \u043a\u043e\u043d\u0441\u043e\u043b\u044c. \u0415\u0441\u043b\u0438 \u0437\u0430\u043f\u0440\u043e\u0441 \u0432\u043e\u0437\u0432\u0440\u0430\u0449\u0430\u0435\u0442 \u0432\u0430\u043c \u0431\u043e\u043b\u044c\u0448\u0435 \u0434\u0430\u043d\u043d\u044b\u0445, \u0447\u0435\u043c \u043d\u0443\u0436\u043d\u043e, \u0432\u044b\u0432\u0435\u0434\u0438\u0442\u0435 \u0442\u043e\u043b\u044c\u043a\u043e \u0442\u0443 \u0447\u0430\u0441\u0442\u044c, \u043a\u043e\u0442\u043e\u0440\u0430\u044f \u043d\u0443\u0436\u043d\u0430.",
    "status": 2,
    "type": 1,
    "project": 2,
    "created_at": "2019-12-08T10:07:56.361Z",
    "updated_at": "2019-12-08T10:07:56.361Z",
    "created_by": null,
    "assigned_to": null
  }
},
{
  "model": "webapp.task",
  "pk": 108,
  "fields": {
    "summary": "\u0417\u0430\u043d\u044f\u0442\u0438\u0435 #70. \u0414\u043e\u043c\u0430\u0448\u043d\u0435\u0435 \u0437\u0430\u0434\u0430\u043d\u0438\u0435.",
    "description": "\u0417\u0430\u0434\u0430\u043d\u0438\u0435 1\n\u041d\u0430\u0441\u0442\u0440\u043e\u0439\u0442\u0435 \u0430\u0443\u0442\u0435\u043d\u0442\u0438\u0444\u0438\u043a\u0430\u0446\u0438\u044e \u043f\u043e \u0442\u043e\u043a\u0435\u043d\u0443 \u0434\u043b\u044f API \u043f\u0440\u043e\u0435\u043a\u0442\u0430 \u0442\u0440\u0435\u043a\u0435\u0440. \u0414\u043e\u0431\u0430\u0432\u044c\u0442\u0435 \u0432 API \u0442\u043e\u0447\u043a\u0443 \u0432\u0445\u043e\u0434\u0430 \u0434\u043b\u044f \u0432\u0445\u043e\u0434\u0430 (\u0432\u044b\u0434\u0430\u0447\u0438 \u0442\u043e\u043a\u0435\u043d\u0430). \u0414\u043e\u0431\u0430\u0432\u044c\u0442\u0435 \u043f\u0440\u043e\u0432\u0435\u0440\u043a\u0438:\n\u041f\u0440\u043e\u0441\u043c\u043e\u0442\u0440 \u043f\u0440\u043e\u0435\u043a\u0442\u043e\u0432 - \u043a\u0442\u043e \u0443\u0433\u043e\u0434\u043d\u043e\n\u041f\u0440\u043e\u0441\u043c\u043e\u0442\u0440 \u0437\u0430\u0434\u0430\u0447 - \u043a\u0442\u043e \u0443\u0433\u043e\u0434\u043d\u043e\n\u0420\u0435\u0434\u0430\u043a\u0442\u0438\u0440\u043e\u0432\u0430\u043d\u0438\u0435 \u043f\u0440\u043e\u0435\u043a\u0442\u043e\u0432 (\u0441\u043e\u0437\u0434\u0430\u043d\u0438\u0435, \u0438\u0437\u043c\u0435\u043d\u0435\u043d\u0438\u0435, \u0443\u0434\u0430\u043b\u0435\u043d\u0438\u0435) - \u043f\u043e \u043d\u0430\u043b\u0438\u0447\u0438\u044e \u0441\u043e\u043e\u0442\u0432\u0435\u0442\u0441\u0442\u0432\u0443\u044e\u0449\u0438\u0445 \u0440\u0430\u0437\u0440\u0435\u0448\u0435\u043d\u0438\u0439.\n\u0420\u0435\u0434\u0430\u043a\u0442\u0438\u0440\u043e\u0432\u0430\u043d\u0438\u0435 \u0437\u0430\u0434\u0430\u0447 (\u0441\u043e\u0437\u0434\u0430\u043d\u0438\u0435, \u0438\u0437\u043c\u0435\u043d\u0435\u043d\u0438\u0435, \u0443\u0434\u0430\u043b\u0435\u043d\u0438\u0435) - \u043f\u043e \u043d\u0430\u043b\u0438\u0447\u0438\u044e \u0441\u043e\u043e\u0442\u0432\u0435\u0442\u0441\u0442\u0432\u0443\u044e\u0449\u0438\u0445 \u0440\u0430\u0437\u0440\u0435\u0448\u0435\u043d\u0438\u0439.\n\u0417\u0430\u0434\u0430\u043d\u0438\u0435 2\n\u041d\u0430\u043f\u0438\u0448\u0438\u0442\u0435 \u0441\u043b\u0435\u0434\u0443\u044e\u0449\u0438\u0435 AJAX-\u0437\u0430\u043f\u0440\u043e\u0441\u044b \u0441 \u043f\u043e\u043c\u043e\u0449\u044c\u044e jQuery \u043a \u0432\u0430\u0448\u0435\u043c\u0443 API:\n\u0412\u044b\u0431\u043e\u0440 \u0432\u0441\u0435\u0445 \u043f\u0440\u043e\u0435\u043a\u0442\u043e\u0432;\n\u0412\u044b\u0431\u043e\u0440 \u0432\u0441\u0435\u0445 \u0437\u0430\u0434\u0430\u0447;\n\u0412\u044b\u0431\u043e\u0440 \u0432\u0441\u0435\u0445 \u0437\u0430\u0434\u0430\u0447 \u0437\u0430\u0434\u0430\u043d\u043d\u043e\u0433\u043e \u043f\u0440\u043e\u0435\u043a\u0442\u0430;\n\u0421\u043e\u0437\u0434\u0430\u043d\u0438\u0435 \u0437\u0430\u0434\u0430\u0447\u0438;\n\u0423\u0434\u0430\u043b\u0435\u043d\u0438\u0435 \u0437\u0430\u0434\u0430\u0447\u0438.\n\u0420\u0435\u0437\u0443\u043b\u044c\u0442\u0430\u0442\u044b \u0434\u043e\u043b\u0436\u043d\u044b \u0432\u044b\u0432\u043e\u0434\u0438\u0442\u044c\u0441\u044f \u0432 \u043a\u043e\u043d\u0441\u043e\u043b\u044c. \u0415\u0441\u043b\u0438 \u0437\u0430\u043f\u0440\u043e\u0441 \u0432\u043e\u0437\u0432\u0440\u0430\u0449\u0430\u0435\u0442 \u0432\u0430\u043c \u0431\u043e\u043b\u044c\u0448\u0435 \u0434\u0430\u043d\u043d\u044b\u0445, \u0447\u0435\u043c \u043d\u0443\u0436\u043d\u043e, \u0432\u044b\u0432\u0435\u0434\u0438\u0442\u0435 \u0442\u043e\u043b\u044c\u043a\u043e \u0442\u0443 \u0447\u0430\u0441\u0442\u044c, \u043a\u043e\u0442\u043e\u0440\u0430\u044f \u043d\u0443\u0436\u043d\u0430.",
    "status": 2,
    "type": 1,
    "project": 1,
    "created_at": "2019-12-09T11:30:33.023Z",
    "updated_at": "2019-12-09T11:30:33.023Z",
    "created_by": null,
    "assigned_to": null
  }
},
{
  "model": "webapp.task",
  "pk": 110,
  "fields": {
    "summary": "\u0417\u0430\u043d\u044f\u0442\u0438\u0435 #70. \u0414\u043e\u043c\u0430\u0448\u043d\u0435\u0435 \u0437\u0430\u0434\u0430\u043d\u0438\u0435.",
    "description": "\u0417\u0430\u0434\u0430\u043d\u0438\u0435 1\n\u041d\u0430\u0441\u0442\u0440\u043e\u0439\u0442\u0435 \u0430\u0443\u0442\u0435\u043d\u0442\u0438\u0444\u0438\u043a\u0430\u0446\u0438\u044e \u043f\u043e \u0442\u043e\u043a\u0435\u043d\u0443 \u0434\u043b\u044f API \u043f\u0440\u043e\u0435\u043a\u0442\u0430 \u0442\u0440\u0435\u043a\u0435\u0440. \u0414\u043e\u0431\u0430\u0432\u044c\u0442\u0435 \u0432 API \u0442\u043e\u0447\u043a\u0443 \u0432\u0445\u043e\u0434\u0430 \u0434\u043b\u044f \u0432\u0445\u043e\u0434\u0430 (\u0432\u044b\u0434\u0430\u0447\u0438 \u0442\u043e\u043a\u0435\u043d\u0430). \u0414\u043e\u0431\u0430\u0432\u044c\u0442\u0435 \u043f\u0440\u043e\u0432\u0435\u0440\u043a\u0438:\n\u041f\u0440\u043e\u0441\u043c\u043e\u0442\u0440 \u043f\u0440\u043e\u0435\u043a\u0442\u043e\u0432 - \u043a\u0442\u043e \u0443\u0433\u043e\u0434\u043d\u043e\n\u041f\u0440\u043e\u0441\u043c\u043e\u0442\u0440 \u0437\u0430\u0434\u0430\u0447 - \u043a\u0442\u043e \u0443\u0433\u043e\u0434\u043d\u043e\n\u0420\u0435\u0434\u0430\u043a\u0442\u0438\u0440\u043e\u0432\u0430\u043d\u0438\u0435 \u043f\u0440\u043e\u0435\u043a\u0442\u043e\u0432 (\u0441\u043e\u0437\u0434\u0430\u043d\u0438\u0435, \u0438\u0437\u043c\u0435\u043d\u0435\u043d\u0438\u0435, \u0443\u0434\u0430\u043b\u0435\u043d\u0438\u0435) - \u043f\u043e \u043d\u0430\u043b\u0438\u0447\u0438\u044e \u0441\u043e\u043e\u0442\u0432\u0435\u0442\u0441\u0442\u0432\u0443\u044e\u0449\u0438\u0445 \u0440\u0430\u0437\u0440\u0435\u0448\u0435\u043d\u0438\u0439.\n\u0420\u0435\u0434\u0430\u043a\u0442\u0438\u0440\u043e\u0432\u0430\u043d\u0438\u0435 \u0437\u0430\u0434\u0430\u0447 (\u0441\u043e\u0437\u0434\u0430\u043d\u0438\u0435, \u0438\u0437\u043c\u0435\u043d\u0435\u043d\u0438\u0435, \u0443\u0434\u0430\u043b\u0435\u043d\u0438\u0435) - \u043f\u043e \u043d\u0430\u043b\u0438\u0447\u0438\u044e \u0441\u043e\u043e\u0442\u0432\u0435\u0442\u0441\u0442\u0432\u0443\u044e\u0449\u0438\u0445 \u0440\u0430\u0437\u0440\u0435\u0448\u0435\u043d\u0438\u0439.\n\u0417\u0430\u0434\u0430\u043d\u0438\u0435 2\n\u041d\u0430\u043f\u0438\u0448\u0438\u0442\u0435 \u0441\u043b\u0435\u0434\u0443\u044e\u0449\u0438\u0435 AJAX-\u0437\u0430\u043f\u0440\u043e\u0441\u044b \u0441 \u043f\u043e\u043c\u043e\u0449\u044c\u044e jQuery \u043a \u0432\u0430\u0448\u0435\u043c\u0443 API:\n\u0412\u044b\u0431\u043e\u0440 \u0432\u0441\u0435\u0445 \u043f\u0440\u043e\u0435\u043a\u0442\u043e\u0432;\n\u0412\u044b\u0431\u043e\u0440 \u0432\u0441\u0435\u0445 \u0437\u0430\u0434\u0430\u0447;\n\u0412\u044b\u0431\u043e\u0440 \u0432\u0441\u0435\u0445 \u0437\u0430\u0434\u0430\u0447 \u0437\u0430\u0434\u0430\u043d\u043d\u043e\u0433\u043e \u043f\u0440\u043e\u0435\u043a\u0442\u0430;\n\u0421\u043e\u0437\u0434\u0430\u043d\u0438\u0435 \u0437\u0430\u0434\u0430\u0447\u0438;\n\u0423\u0434\u0430\u043b\u0435\u043d\u0438\u0435 \u0437\u0430\u0434\u0430\u0447\u0438.\n\u0420\u0435\u0437\u0443\u043b\u044c\u0442\u0430\u0442\u044b \u0434\u043e\u043b\u0436\u043d\u044b \u0432\u044b\u0432\u043e\u0434\u0438\u0442\u044c\u0441\u044f \u0432 \u043a\u043e\u043d\u0441\u043e\u043b\u044c. \u0415\u0441\u043b\u0438 \u0437\u0430\u043f\u0440\u043e\u0441 \u0432\u043e\u0437\u0432\u0440\u0430\u0449\u0430\u0435\u0442 \u0432\u0430\u043c \u0431\u043e\u043b\u044c\u0448\u0435 \u0434\u0430\u043d\u043d\u044b\u0445, \u0447\u0435\u043c \u043d\u0443\u0436\u043d\u043e, \u0432\u044b\u0432\u0435\u0434\u0438\u0442\u0435 \u0442\u043e\u043b\u044c\u043a\u043e \u0442\u0443 \u0447\u0430\u0441\u0442\u044c, \u043a\u043e\u0442\u043e\u0440\u0430\u044f \u043d\u0443\u0436\u043d\u0430.",
    "status": 2,
    "type": 1,
    "project": 1,
    "created_at": "2019-12-09T11:30:33.623Z",
    "updated_at": "2019-12-09T11:30:33.623Z",
    "created_by": null,
    "assigned_to": null
  }
},
{
  "model": "webapp.team",
  "pk": 2,
  "fields": {
    "user": 1,
    "project": 2,
    "start": "2019-11-04",
    "end": null
  }
},
{
  "model": "webapp.team",
  "pk": 3,
  "fields": {
    "user": 31,
    "project": 2,
    "start": "2019-11-04",
    "end": null
  }
},
{
  "model": "webapp.team",
  "pk": 4,
  "fields": {
    "user": 30,
    "project": 3,
    "start": "2019-11-04",
    "end": null
  }
},
{
  "model": "webapp.team",
  "pk": 5,
  "fields": {
    "user": 31,
    "project": 1,
    "start": "2019-10-04",
    "end": "2019-11-14"
  }
},
{
  "model": "webapp.team",
  "pk": 18,
  "fields": {
    "user": 31,
    "project": 11,
    "start": "2019-11-13",
    "end": null
  }
},
{
  "model": "webapp.team",
  "pk": 19,
  "fields": {
    "user": 1,
    "project": 11,
    "start": "2019-11-13",
    "end": null
  }
},
{
  "model": "webapp.team",
  "pk": 20,
  "fields": {
    "user": 31,
    "project": 12,
    "start": "2019-11-13",
    "end": "2019-11-14"
  }
},
{
  "model": "webapp.team",
  "pk": 28,
  "fields": {
    "user": 30,
    "project": 12,
    "start": "2019-11-14",
    "end": "2019-11-14"
  }
},
{
  "model": "webapp.team",
  "pk": 45,
  "fields": {
    "user": 31,
    "project": 12,
    "start": "2019-11-14",
    "end": "2019-11-14"
  }
},
{
  "model": "webapp.team",
  "pk": 46,
  "fields": {
    "user": 1,
    "project": 12,
    "start": "2019-11-14",
    "end": "2019-11-14"
  }
},
{
  "model": "webapp.team",
  "pk": 47,
  "fields": {
    "user": 30,
    "project": 12,
    "start": "2019-11-14",
    "end": "2019-11-14"
  }
},
{
  "model": "webapp.team",
  "pk": 48,
  "fields": {
    "user": 31,
    "project": 12,
    "start": "2019-11-14",
    "end": "2019-11-14"
  }
},
{
  "model": "webapp.team",
  "pk": 49,
  "fields": {
    "user": 1,
    "project": 12,
    "start": "2019-11-14",
    "end": "2019-11-14"
  }
},
{
  "model": "webapp.team",
  "pk": 50,
  "fields": {
    "user": 30,
    "project": 12,
    "start": "2019-11-14",
    "end": "2019-11-14"
  }
},
{
  "model": "webapp.team",
  "pk": 51,
  "fields": {
    "user": 31,
    "project": 12,
    "start": "2019-11-14",
    "end": "2019-11-14"
  }
},
{
  "model": "webapp.team",
  "pk": 52,
  "fields": {
    "user": 1,
    "project": 12,
    "start": "2019-11-14",
    "end": "2019-11-14"
  }
},
{
  "model": "webapp.team",
  "pk": 53,
  "fields": {
    "user": 30,
    "project": 12,
    "start": "2019-11-14",
    "end": "2019-11-14"
  }
},
{
  "model": "webapp.team",
  "pk": 54,
  "fields": {
    "user": 30,
    "project": 12,
    "start": "2019-11-14",
    "end": "2019-11-14"
  }
},
{
  "model": "webapp.team",
  "pk": 55,
  "fields": {
    "user": 1,
    "project": 12,
    "start": "2019-11-14",
    "end": "2019-11-14"
  }
},
{
  "model": "webapp.team",
  "pk": 56,
  "fields": {
    "user": 30,
    "project": 12,
    "start": "2019-11-14",
    "end": "2019-11-14"
  }
},
{
  "model": "webapp.team",
  "pk": 57,
  "fields": {
    "user": 1,
    "project": 1,
    "start": "2019-11-14",
    "end": null
  }
},
{
  "model": "webapp.team",
  "pk": 58,
  "fields": {
    "user": 1,
    "project": 12,
    "start": "2019-11-14",
    "end": "2019-11-14"
  }
},
{
  "model": "webapp.team",
  "pk": 59,
  "fields": {
    "user": 30,
    "project": 12,
    "start": "2019-11-14",
    "end": "2019-11-14"
  }
},
{
  "model": "webapp.team",
  "pk": 60,
  "fields": {
    "user": 31,
    "project": 12,
    "start": "2019-11-14",
    "end": "2019-11-14"
  }
},
{
  "model": "webapp.team",
  "pk": 61,
  "fields": {
    "user": 31,
    "project": 12,
    "start": "2019-11-14",
    "end": "2019-11-14"
  }
},
{
  "model": "webapp.team",
  "pk": 62,
  "fields": {
    "user": 31,
    "project": 12,
    "start": "2019-11-14",
    "end": "2019-11-14"
  }
},
{
  "model": "webapp.team",
  "pk": 63,
  "fields": {
    "user": 36,
    "project": 12,
    "start": "2019-11-14",
    "end": "2019-11-14"
  }
},
{
  "model": "webapp.team",
  "pk": 64,
  "fields": {
    "user": 37,
    "project": 12,
    "start": "2019-11-14",
    "end": "2019-11-14"
  }
},
{
  "model": "webapp.team",
  "pk": 65,
  "fields": {
    "user": 31,
    "project": 12,
    "start": "2019-11-14",
    "end": "2019-11-14"
  }
},
{
  "model": "webapp.team",
  "pk": 66,
  "fields": {
    "user": 36,
    "project": 12,
    "start": "2019-11-14",
    "end": "2019-11-14"
  }
},
{
  "model": "webapp.team",
  "pk": 67,
  "fields": {
    "user": 37,
    "project": 12,
    "start": "2019-11-14",
    "end": "2019-11-14"
  }
},
{
  "model": "webapp.team",
  "pk": 68,
  "fields": {
    "user": 31,
    "project": 12,
    "start": "2019-11-14",
    "end": "2019-11-14"
  }
},
{
  "model": "webapp.team",
  "pk": 69,
  "fields": {
    "user": 36,
    "project": 12,
    "start": "2019-11-14",
    "end": "2019-11-14"
  }
},
{
  "model": "webapp.team",
  "pk": 70,
  "fields": {
    "user": 31,
    "project": 12,
    "start": "2019-11-14",
    "end": "2019-11-14"
  }
},
{
  "model": "webapp.team",
  "pk": 71,
  "fields": {
    "user": 36,
    "project": 12,
    "start": "2019-11-14",
    "end": "2019-11-14"
  }
},
{
  "model": "webapp.team",
  "pk": 72,
  "fields": {
    "user": 37,
    "project": 12,
    "start": "2019-11-14",
    "end": "2019-11-14"
  }
},
{
  "model": "webapp.team",
  "pk": 73,
  "fields": {
    "user": 31,
    "project": 12,
    "start": "2019-11-14",
    "end": "2019-11-14"
  }
},
{
  "model": "webapp.team",
  "pk": 74,
  "fields": {
    "user": 36,
    "project": 12,
    "start": "2019-11-14",
    "end": "2019-11-14"
  }
},
{
  "model": "webapp.team",
  "pk": 75,
  "fields": {
    "user": 31,
    "project": 12,
    "start": "2019-11-14",
    "end": "2019-11-14"
  }
},
{
  "model": "webapp.team",
  "pk": 76,
  "fields": {
    "user": 36,
    "project": 12,
    "start": "2019-11-14",
    "end": "2019-11-14"
  }
},
{
  "model": "webapp.team",
  "pk": 77,
  "fields": {
    "user": 37,
    "project": 12,
    "start": "2019-11-14",
    "end": null
  }
},
{
  "model": "webapp.team",
  "pk": 78,
  "fields": {
    "user": 31,
    "project": 12,
    "start": "2019-11-14",
    "end": "2019-11-14"
  }
},
{
  "model": "webapp.team",
  "pk": 79,
  "fields": {
    "user": 36,
    "project": 12,
    "start": "2019-11-14",
    "end": "2019-11-14"
  }
},
{
  "model": "webapp.team",
  "pk": 80,
  "fields": {
    "user": 30,
    "project": 12,
    "start": "2019-11-14",
    "end": "2019-11-14"
  }
},
{
  "model": "webapp.team",
  "pk": 81,
  "fields": {
    "user": 31,
    "project": 12,
    "start": "2019-11-14",
    "end": "2019-11-14"
  }
},
{
  "model": "webapp.team",
  "pk": 82,
  "fields": {
    "user": 36,
    "project": 12,
    "start": "2019-11-14",
    "end": "2019-11-14"
  }
},
{
  "model": "webapp.team",
  "pk": 83,
  "fields": {
    "user": 30,
    "project": 12,
    "start": "2019-11-14",
    "end": null
  }
},
{
  "model": "webapp.team",
  "pk": 84,
  "fields": {
    "user": 31,
    "project": 12,
    "start": "2019-11-14",
    "end": null
  }
},
{
  "model": "webapp.team",
  "pk": 85,
  "fields": {
    "user": 36,
    "project": 12,
    "start": "2019-11-14",
    "end": null
  }
}
]
